{
  "project_info": {
    "project_number": "529840487883",
    "firebase_url": "https://voiceassistent-736bd.firebaseio.com",
    "project_id": "voiceassistent-736bd",
    "storage_bucket": "voiceassistent-736bd.appspot.com"
  },
  "client": [
    {
      "client_info": {
        "mobilesdk_app_id": "1:529840487883:android:09532c547fc61acf294a4e",
        "android_client_info": {
          "package_name": "com.example.voiceassistent"
        }
      },
      "oauth_client": [
        {
          "client_id": "529840487883-3g3u667t2rhbth07aejd1n8trthns1f6.apps.googleusercontent.com",
          "client_type": 1,
          "android_info": {
            "package_name": "com.example.voiceassistent",
            "certificate_hash": "8d77ab735165b663758812c5abfdf44c0a82cde1"
          }
        },
        {
          "client_id": "529840487883-77r0teaos1afkd906j8e6sbmprqstht5.apps.googleusercontent.com",
          "client_type": 3
        }
      ],
      "api_key": [
        {
          "current_key": "AIzaSyBVDGR9GmuDciqZ8ZRsbW5XU6KS_SggJpw"
        }
      ],
      "services": {
        "appinvite_service": {
          "other_platform_oauth_client": [
            {
              "client_id": "529840487883-77r0teaos1afkd906j8e6sbmprqstht5.apps.googleusercontent.com",
              "client_type": 3
            }
          ]
        }
      }
    }
  ],
  "configuration_version": "1"
}